{
  "name": "Shoulder Roll",
  "motor_model": "MX-106",
  "actuators": 4,
  "right": {
    "pos_tendon": {
      "l_free": 117.96895598419106,
      "r_active": 18,
      "r_passive": 50.5,
      "r_tendon": 1.5,
      "id": 5,
      "alpha_passive_zero": 1.9770401035894065,
      "l_relaxed": 256.22089980256976,
      "alpha_active_zero": 8.6084222887914521
    },
    "neg_tendon": {
      "l_free": 117.96895598419106,
      "r_active": 18,
      "r_passive": 50.5,
      "r_tendon": 1.5,
      "id": 6,
      "alpha_passive_zero": 1.7022074954102631,
      "l_relaxed": 245.227595475404,
      "alpha_active_zero": 8.1326823605425336
    }
  },
  "left": {
    "pos_tendon": {
      "l_free": 117.96895598419103,
      "r_active": 18,
      "r_passive": 50.5,
      "r_tendon": 1.5,
      "id": 8,
      "alpha_passive_zero": 1.7284688338280281,
      "l_relaxed": 246.27804901211456,
      "alpha_active_zero": 8.1326823605425336
    },
    "neg_tendon": {
      "l_free": 117.96895598419103,
      "r_active": 18,
      "r_passive": 50.5,
      "r_tendon": 1.5,
      "id": 7,
      "alpha_passive_zero": 1.9507787651716406,
      "l_relaxed": 255.17044626585908,
      "alpha_active_zero": 8.6084222887914521
    }
  },
  "motor_init_pos": 0.0,
  "fixed_stiffness": 0.7854
}