{
  "name": "Upperarm Roll",
  "actuators": 4,
  "motor_init_pos": 2.5,
  "fixed_stiffness": 0.7854,
  "right": {
    "pos_tendon": {
      "l_free": 74.2018599834263,
      "r_active": 15.6,
      "r_passive": 43,
      "r_tendon": 1.5,
      "id": 13,
      "alpha_passive_zero": 3.1428689698544434,
      "l_relaxed": 287.92811860199066,
      "alpha_active_zero": 13.159698931350103
    },
    "neg_tendon": {
      "l_free": 74.2018599834263,
      "r_active": 15.6,
      "r_passive": 43,
      "r_tendon": 1.5,
      "id": 14,
      "alpha_passive_zero": 3.1444939118750579,
      "l_relaxed": 287.87249558666963,
      "alpha_active_zero": 13.150509748994429
    }
  },
  "left": {
    "pos_tendon": {
      "l_free": 74.7437524144995,
      "r_active": 15.6,
      "r_passive": 43,
      "r_tendon": 1.5,
      "id": 15,
      "alpha_passive_zero": 3.1434788520170165,
      "l_relaxed": 288.32408219802045,
      "alpha_active_zero": 13.161734738171015
    },
    "neg_tendon": {
      "l_free": 74.7437524144995,
      "r_active": 15.6,
      "r_passive": 43,
      "r_tendon": 1.5,
      "id": 16,
      "alpha_passive_zero": 3.1418750598634144,
      "l_relaxed": 288.37898123712455,
      "alpha_active_zero": 13.170804316268624
    }
  }
}