{
  "name": "Wrist Pitch",
  "motor_model": "MX-64",
  "actuators": 4,
  "right": {
    "pos_tendon": {
      "l_free": 97.8772699711225,
      "r_active": 15.6,
      "r_passive": 30,
      "r_tendon": 1.5,
      "id": 22,
      "alpha_passive_zero": 1.6965465479099318,
      "l_relaxed": 175.10315647575237,
      "alpha_active_zero": 6.401199993887249
    },
    "neg_tendon": {
      "l_free": 97.8772699711225,
      "r_active": 15.6,
      "r_passive": 30,
      "r_tendon": 1.5,
      "id": 21,
      "alpha_passive_zero": 1.7371963040461944,
      "l_relaxed": 176.08813133597721,
      "alpha_active_zero": 6.6584185855030373
    }
  },
  "left": {
    "pos_tendon": {
      "l_free": 97.902112975154949,
      "r_active": 15.6,
      "r_passive": 30,
      "r_tendon": 1.5,
      "id": 23,
      "alpha_passive_zero": 1.7550109323802618,
      "l_relaxed": 176.5389034871738,
      "alpha_active_zero": 6.6575381386442132
    },
    "neg_tendon": {
      "l_free": 97.902112975154949,
      "r_active": 15.6,
      "r_passive": 30,
      "r_tendon": 1.5,
      "id": 24,
      "alpha_passive_zero": 1.6786588351351912,
      "l_relaxed": 174.68883343854324,
      "alpha_active_zero": 6.4021535251867476
    }
  },
  "motor_init_pos": 0,
  "fixed_stiffness": 0.7854
}