{
  "name": "Shoulder Pitch",
  "motor_model": "MX-106",
  "actuators": 4,
  "right": {
    "pos_tendon": {
      "l_free": 183.32267081095785,
      "r_active": 18,
      "r_passive": 50,
      "r_tendon": 1.5,
      "id": 9,
      "alpha_passive_zero": 2.5223842065780842,
      "l_relaxed": 264.50460447863816,
      "alpha_active_zero": 1.6590653087709997
    },
    "neg_tendon": {
      "l_free": 194.31578082338035,
      "r_active": 18,
      "r_passive": 50,
      "r_tendon": 1.5,
      "id": 10,
      "alpha_passive_zero": 0.16594107264621097,
      "l_relaxed": 228.65795688815462,
      "alpha_active_zero": 9.5672884508463021
    }
  },
  "left": {
    "pos_tendon": {
      "l_free": 183.32267081095785,
      "r_active": 18,
      "r_passive": 50,
      "r_tendon": 1.5,
      "id": 11,
      "alpha_passive_zero": 2.5223842065780842,
      "l_relaxed": 264.50460447863816,
      "alpha_active_zero": 1.6590653087709997
    },
    "neg_tendon": {
      "l_free": 194.31578082338035,
      "r_active": 18,
      "r_passive": 50,
      "r_tendon": 1.5,
      "id": 12,
      "alpha_passive_zero": 0.16594107264621097,
      "l_relaxed": 228.65795688815462,
      "alpha_active_zero": 9.5672884508463021
    }
  },
  "motor_init_pos": 0.0,
  "fixed_stiffness": 0.7854
}